Title,Category,Publisher,Description
"DevOps Dominion","Strategy","CodeForge Studios","DevOps Dominion では、戦略的な計画と高度なデプロイ戦術が、コードという高速戦場でぶつかり合います。Mona の指揮のもと、オーケストレーションされたパイプラインやマイクロサービスの小規模戦闘を駆使し、あらゆるコマンドで優位性を確保しましょう。"
"Pipeline Conquest","Strategy","DevMasters Inc.","Pipeline Conquest は、継続的インテグレーションのワークフローを最適化しつつ、予期せぬシステム障害に対処することをプレイヤーに求めます。Mona とともに、ビルドやデプロイのパイプラインをリアルタイムで編成し、揺るぎないデジタル勝利をつかみましょう。"
"Server Siege","Strategy","GitHub Games","Server Siege では、容赦ないサイバー脅威に包囲されたデジタル要塞の真っただ中に放り込まれます。Mona の号令の下、ロードバランサーやバージョン管理を統率し、ネットワークの砦を強化しましょう。"
"Repo Rulers","Strategy","Ops Interactive","Repo Rulers は、鋭敏な戦術とアジャイルなリポジトリ運用で相互接続されたサーバー群を制覇するゲームです。Mona のガイダンスに従い、ブランチ保護を徹底し、プルリクエストを捌く精密な采配が求められます。"
"Code Puzzle Chronicles","Puzzle","CodeForge Studios","Code Puzzle Chronicles は、暗号めいたアルゴリズムや難解なデバッグ課題に挑む、頭脳系のパズル体験を提供します。Mona の助けを借りて一つひとつの局面を乗り越え、現実のコーディング難題に着想を得た論理パズルを解き明かしましょう。"
"Merge Conflict Mystery","Puzzle","DevMasters Inc.","Merge Conflict Mystery は、あらゆるピースが突破口となりうる、コードマージの迷宮に没入させます。Mona のサポートでエラーを読み解き、複雑なブランチ間の統合を調停して、スムーズなインテグレーションを実現しましょう。"
"Bug Buster Brainteaser","Puzzle","GitHub Games","Bug Buster Brainteaser は、現実のデバッグ冒険を模した巧妙なパズルで分析力を試します。Mona の力を借り、捕まえにくいバグを追跡して、各チャレンジを明快さと効率性への報酬へと変えていきましょう。"
"Stack Trace Secrets","Puzzle","Ops Interactive","Stack Trace Secrets では、幾重にも重なるエラーログを解読し、コードの奥に潜む洞察を明らかにします。Mona の指示のもと、あらゆるエラーメッセージが、理想のソフトウェアアーキテクチャへ近づく手掛かりとなります。"
"Virtual Server Simulator","Simulation","CodeForge Studios","Virtual Server Simulator は、リソース管理が生存の鍵となる超写実的なデータセンターを舞台にします。Mona のナビゲートで負荷分散を調整し、動的な仮想エコシステムにおけるサーバーパフォーマンスを最適化しましょう。"
"Container Chaos","Simulation","DevMasters Inc.","Container Chaos は、コンテナオーケストレーションの緊張感あふれる現場を再現します。わずかなコマンドの違いが、システムを滑らかにも混乱にも導きます。Mona の助言を頼りに、Docker やスケーラブルなクラウドサービスの荒波を乗り切りましょう。"
"Infrastructure Innovator","Simulation","GitHub Games","Infrastructure Innovator は、広大なデジタル生態系をシミュレートし、堅牢なネットワークをゼロから構築する挑戦を突き付けます。Mona の戦略的なヒントを手に、苛烈な仮想ストレステストにも耐えるシステムを設計・実装しましょう。"
"Deployment Dynasty","Simulation","Ops Interactive","Deployment Dynasty は、複雑な仮想環境に跨る“デジタル帝国”を築き、運用するゲームです。Mona の専門知識を借り、スケーリング、監視、オートヒーリングを駆使して、支配領域を維持しましょう。"
"Code Quest Odyssey","Adventure","CodeForge Studios","Code Quest Odyssey は、エンチャントされたデジタル世界を巡る壮大な旅へあなたを誘います。Mona とともに古代のソースコードを解き明かし、物語性と技術的巧緻が融合した試練を征服しましょう。"
"Binary Frontier","Adventure","DevMasters Inc.","Binary Frontier は、革新的なコードが未知の領域を開くサイバーワールドへとあなたを連れ出します。Mona の導きで広大なデジタル大地を探検し、コーディングの神秘に満ちた新天地を切り拓きましょう。"
"Digital Debugger's Dream","Adventure","GitHub Games","Digital Debugger's Dream は、探索型のクエストと現実のデバッグシナリオを融合させた没入型アドベンチャーです。Mona の支援のもと、サイバネティックな謎の核心へ、一歩ずつ近づいていきましょう。"
"Refactor Realms","Adventure","Ops Interactive","Refactor Realms では、体系的なコード改善により、古のデジタル文明が再構築されていく世界を旅します。Mona のメンタリングを受け、レガシーシステムを洗練された傑作へと変容させましょう。"
"Script Strike","Action","CodeForge Studios","Script Strike は、激しいコーディングの戦場で、キーストローク一つが戦況を左右する世界を描きます。Mona の鼓舞のもと、反射神経と賢いスクリプト実行を融合させ、リアルタイムの試練に挑みましょう。"
"Terminal Turbulence","Action","DevMasters Inc.","Terminal Turbulence は、タイミングと精度が全ての、矢継ぎ早のコマンドライン対決へあなたを招きます。Mona のデジタル知見に導かれ、苛烈なサーバー環境をクールに乗り切りましょう。"
"Repo Rampart","Action","GitHub Games","Repo Rampart は、アドレナリン全開の防衛ミッションにあなたを没入させます。すべてのコマンドは大切なコードベースを守るために。Mona の戦略のもと、侵入を未然に防ぎ、迅速な対抗策を繰り出しましょう。"
"Syntax Smashdown","Action","Ops Interactive","Syntax Smashdown は、電撃のアーケード体験を提供します。素早いコーディングの反射が、爆発的なデジタルバトルの勝敗を分けるのです。恐れ知らずの Mona に導かれ、グリッチを叩きのめし、シンタックスを武器にハイスコアを掴み取りましょう。"
"Cloud Conqueror","Action","CodeForge Studios","Cloud Conqueror は、暴走するクラウドサービスとの空中戦が繰り広げられる、緊迫の世界へあなたを放り込みます。副操縦士の Mona とともに、荒れ狂う空を突破し、デジタルの強敵を出し抜いて、仮想領域の主導権を取り戻しましょう。"
